{
  "name": "effort_impact",
  "boxes": [
    {
      "id": "effort_impact-box-1",
      "title": "Impact élevé / Effort bas",
      "x": 0,
      "y": 0,
      "w": 12,
      "h": 12
    },
    {
      "id": "effort_impact-box-2",
      "title": "Impact faible / Effort bas",
      "x": 12,
      "y": 0,
      "w": 12,
      "h": 12
    },
    {
      "id": "effort_impact-box-3",
      "title": "Impact élevé / Effort élevé",
      "x": 0,
      "y": 12,
      "w": 12,
      "h": 12
    },
    {
      "id": "effort_impact-box-4",
      "title": "Impact faible / Effort élevé",
      "x": 12,
      "y": 12,
      "w": 12,
      "h": 12
    }
  ]
}