{
  "name": "eisenhower",
  "boxes": [
    {
      "id": "eisenhower-box-1",
      "title": "Urgent et Important",
      "x": 0,
      "y": 0,
      "w": 12,
      "h": 12
    },
    {
      "id": "eisenhower-box-2",
      "title": "Important mais Pas Urgent",
      "x": 12,
      "y": 0,
      "w": 12,
      "h": 12
    },
    {
      "id": "eisenhower-box-3",
      "title": "Urgent mais Pas important",
      "x": 0,
      "y": 12,
      "w": 12,
      "h": 12
    },
    {
      "id": "eisenhower-box-4",
      "title": "Ni urgent ni important",
      "x": 12,
      "y": 12,
      "w": 12,
      "h": 12
    }
  ]
}