{
  "name": "moscow",
  "boxes": [
    {
      "id": "moscow-box-1",
      "title": "Must",
      "x": 0,
      "y": 0,
      "w": 12,
      "h": 8
    },
    {
      "id": "moscow-box-2",
      "title": "Should",
      "x": 12,
      "y": 0,
      "w": 12,
      "h": 8
    },
    {
      "id": "moscow-box-3",
      "title": "Could",
      "x": 0,
      "y": 8,
      "w": 12,
      "h": 8
    },
    {
      "id": "moscow-box-4",
      "title": "Won't",
      "x": 12,
      "y": 8,
      "w": 12,
      "h": 8
    }
  ]
}