{
  "name": "today",
  "boxes": [
    {
      "id": "today-box-1",
      "title": "Aujourd'hui", 
      "x": 0, 
      "y": 0, 
      "w": 15, 
      "h": 3 
    },
    {       
      "id": "today-box-2",
      "title": "Date", 
      "x": 15, 
      "y": 0, 
      "w": 9, 
      "h": 3 
    },
    {       
      "id": "today-box-3",
      "title": "Planning", 
      "x": 0, 
      "y": 3, 
      "w": 12, 
      "h": 12 
    },
    {
      "id": "today-box-4",
      "title": "Rendez-vous semaine", 
      "x": 0, 
      "y": 15, 
      "w": 12, 
      "h": 7 
    },
    {
      "id": "today-box-5",
      "title": "Tâches", 
      "x": 12, 
      "y": 3, 
      "w": 12, 
      "h": 19 
    },
    { 
      "id": "today-box-6",
      "title": "Ce jour-là", 
      "x": 0, 
      "y": 22, 
      "w": 15, 
      "h": 2
    },
    { 
      "id": "today-box-7",
      "title": "Réalisé aujourd'hui", 
      "x": 15, 
      "y": 22, 
      "w": 9, 
      "h": 2
    }
   ]
}
